s1sc-cc,s1sc-dm,s1cc-dm,s2sc-cc,s2sc-dm,s2cc-dm,s3sc-cc,s3sc-dm,s3cc-dm,s4sc-cc,s4sc-dm,s4cc-dm,Var13,Var14,Var15,Var16,Var17,Var18,Var19
0,0,0,-0.0296772101673626,0.105661184081502,0.0375186475122581,0.0218553776953865,-0.0121706931459706,-0.0159432036010889,-0.0073913838669091,-0.0713056121082888,-0.00803614253952203,mild,mild,abs,abs,mod,mod,mild
