s1sc-cc,s1sc-dm,s1cc-dm,s2sc-cc,s2sc-dm,s2cc-dm,s3sc-cc,s3sc-dm,s3cc-dm,s4sc-cc,s4sc-dm,s4cc-dm,Var13,Var14,Var15,Var16,Var17,Var18,Var19
-0.00361270438547086,0.0162461230880432,0.0356249893216909,0.0123407504955347,-0.0171479767140079,-0.045918627320486,0.00659268456640949,0.0153176463494386,0.0194532357006887,-0.0152435135978881,-0.0172238120206519,-0.0177731040484703,mods,sev,abs,abs,mild,mild,abs
