s1sc-cc,s1sc-dm,s1cc-dm,s2sc-cc,s2sc-dm,s2cc-dm,s3sc-cc,s3sc-dm,s3cc-dm,s4sc-cc,s4sc-dm,s4cc-dm,Var13,Var14,Var15,Var16,Var17,Var18,Var19
-9.11802297016498e-05,-0.0272625443662276,-0.0399021219330373,0.00635139935201556,0.00302507517325573,-0.0272374734088726,0.0205493514942029,-0.0726730865224706,0.106217570526142,-0.0117375564396207,0.0187442692456532,0.00874881263247761,abs,abs,abs,abs,abs,abs,min
