s1sc-cc,s1sc-dm,s1cc-dm,s2sc-cc,s2sc-dm,s2cc-dm,s3sc-cc,s3sc-dm,s3cc-dm,s4sc-cc,s4sc-dm,s4cc-dm,Var13,Var14,Var15,Var16,Var17,Var18,Var19
0.0183149142820331,-0.0142885649319207,-0.0300858786236319,-0.0287562377078883,-0.0124155034106176,-0.00688653385525295,-0.00744864168926784,-0.00794226901631657,0.00975200059789804,0.0195889346150972,0.0372716133045693,0.0168963967403183,abs,abs,abs,abs,mod,mod,min
