s1sc-cc,s1sc-dm,s1cc-dm,s2sc-cc,s2sc-dm,s2cc-dm,s3sc-cc,s3sc-dm,s3cc-dm,s4sc-cc,s4sc-dm,s4cc-dm,Var13,Var14,Var15,Var16,Var17,Var18,Var19
0.00546699497193776,-0.085738154776693,0.00295208179864757,-0.010047139578985,0.145387757917614,-0.00101735798575734,0.00520852468031109,0.0926865748404042,-0.00963007150589702,-0.0692279479805675,-0.0671672294865476,0.00831520586276419,mod,mod,mild,mild,mild,mild,mod
