s1sc-cc,s1sc-dm,s1cc-dm,s2sc-cc,s2sc-dm,s2cc-dm,s3sc-cc,s3sc-dm,s3cc-dm,s4sc-cc,s4sc-dm,s4cc-dm,Var13,Var14,Var15,Var16,Var17,Var18,Var19
0.000364904177689814,0.0839266320895421,-6.68404033110996e-05,-0.0157745368128927,-0.0251949721730411,-0.0197960062008797,0.0082500317208828,-0.0278406506346696,0.0116238759312794,-0.0470883429677504,0.0189829911844683,-0.0705326007618887,abs,abs,abs,abs,abs,abs,abs
