s1sc-cc,s1sc-dm,s1cc-dm,s2sc-cc,s2sc-dm,s2cc-dm,s3sc-cc,s3sc-dm,s3cc-dm,s4sc-cc,s4sc-dm,s4cc-dm,Var13,Var14,Var15,Var16,Var17,Var18,Var19
0.0214542107574823,0.0338233750880015,-0.00474973302777639,-0.0134878472305649,0.00545584486535191,0.0343184693672232,0.0293341807774205,-0.0405291969285462,-0.0138423617791451,-0.0182155134197867,0.000825619360637923,-0.0197668294530971,mild,mild,min,min,mild,mild,min
