s1sc-cc,s1sc-dm,s1cc-dm,s2sc-cc,s2sc-dm,s2cc-dm,s3sc-cc,s3sc-dm,s3cc-dm,s4sc-cc,s4sc-dm,s4cc-dm,Var13,Var14,Var15,Var16,Var17,Var18,Var19
0.00205761103155193,0.0558614882339998,0.0302380402178904,-0.0145289615572596,-0.188570022290011,-0.0709137495338473,0.0151694680214941,0.0537566620718359,0.00821322738528279,-0.0114980934544872,-0.111331968437209,-0.0542964010568679,abs,abs,abs,abs,abs,abs,min
