s1sc-cc,s1sc-dm,s1cc-dm,s2sc-cc,s2sc-dm,s2cc-dm,s3sc-cc,s3sc-dm,s3cc-dm,s4sc-cc,s4sc-dm,s4cc-dm,Var13,Var14,Var15,Var16,Var17,Var18,Var19
-0.0100968146756085,0.00790172584096225,0.0186143869368718,-0.00977342654904536,0.0725132651072034,-0.00572365754863682,0.003138600203752,-0.00965059273210159,-0.0053070620469887,0.0179627573464057,-0.053323829597616,-0.0177233264301316,abs,abs,abs,abs,mod,mod,mod
