s1sc-cc,s1sc-dm,s1cc-dm,s2sc-cc,s2sc-dm,s2cc-dm,s3sc-cc,s3sc-dm,s3cc-dm,s4sc-cc,s4sc-dm,s4cc-dm,Var13,Var14,Var15,Var16,Var17,Var18,Var19
0.0221701257910301,-0.0320843328948844,-0.0196590114192587,-0.0236031940054538,0.0314096200090369,0.0159865745268009,0.0170809565625111,-0.0215181954485548,-0.0227950119192446,-0.00614002035420874,0.00739202636831753,0.0185099678753163,mild,mild,mild,mild,mild,mild,mild
