s1sc-cc,s1sc-dm,s1cc-dm,s2sc-cc,s2sc-dm,s2cc-dm,s3sc-cc,s3sc-dm,s3cc-dm,s4sc-cc,s4sc-dm,s4cc-dm,Var13,Var14,Var15,Var16,Var17,Var18,Var19
0.00963027440486259,0.0168323639364146,0.0381352073409035,0.00739219377111117,-0.0315515345407411,-0.00716482136110035,-0.00978022171269827,0.0256415144919983,-0.00451451758705317,0.00699500260934734,-0.0263713991592589,0.0192895280470239,mild,mild,mild,mild,mild,mild,sev
