s1sc-cc,s1sc-dm,s1cc-dm,s2sc-cc,s2sc-dm,s2cc-dm,s3sc-cc,s3sc-dm,s3cc-dm,s4sc-cc,s4sc-dm,s4cc-dm,Var13,Var14,Var15,Var16,Var17,Var18,Var19
0,0,0,-0.0132766180645691,0.0235824091431691,0.00777580719904209,0.026289924942231,-0.0131785024293848,0.0363266997234558,-0.00221702782326438,-0.0251703041915073,-0.0436198346215138,abs,abs,abs,abs,mods,sev,abs
