s1sc-cc,s1sc-dm,s1cc-dm,s2sc-cc,s2sc-dm,s2cc-dm,s3sc-cc,s3sc-dm,s3cc-dm,s4sc-cc,s4sc-dm,s4cc-dm,Var13,Var14,Var15,Var16,Var17,Var18,Var19
0.0430652532873131,-0.00879548960277826,-0.0212396093683334,-0.00586904935094612,0.00278848102949912,0.0399689264560444,-0.0461477645739938,0.0199076192406543,-0.0499830499755898,0.0212000885072797,-0.0205054141495512,-0.0272199903034943,mods,sev,mods,sev,mods,sev,min
