s1sc-cc,s1sc-dm,s1cc-dm,s2sc-cc,s2sc-dm,s2cc-dm,s3sc-cc,s3sc-dm,s3cc-dm,s4sc-cc,s4sc-dm,s4cc-dm,Var13,Var14,Var15,Var16,Var17,Var18,Var19
-0.0163408200934955,-0.0536056404888403,0.00884729435171194,-0.00636226615985799,0.056925561821628,-0.00699950553830339,0.023553878048615,0.00768584535189838,0.00186962507320046,0.0118694504357936,-0.0336737741413421,0.00177600069879334,mod,mod,mild,mild,mod,mod,min
