s1sc-cc,s1sc-dm,s1cc-dm,s2sc-cc,s2sc-dm,s2cc-dm,s3sc-cc,s3sc-dm,s3cc-dm,s4sc-cc,s4sc-dm,s4cc-dm,Var13,Var14,Var15,Var16,Var17,Var18,Var19
-0.0671626347802618,0.0648567536837124,-0.00927393052936483,0.0695065438532907,-0.0701574997325166,-0.013169773255024,-0.0469358591762359,-0.201704495787291,0.00201757199743128,0.043979268453565,0.0536238247511317,0.0139594376839385,mod,mod,abs,abs,mild,mild,min
