s1sc-cc,s1sc-dm,s1cc-dm,s2sc-cc,s2sc-dm,s2cc-dm,s3sc-cc,s3sc-dm,s3cc-dm,s4sc-cc,s4sc-dm,s4cc-dm,Var13,Var14,Var15,Var16,Var17,Var18,Var19
-0.0484831590547777,0.00963611341643071,-0.00804887215361469,0.10063766840584,-0.0656252836298293,-0.0320590703013718,-0.0371813011331672,0.0408559317879401,0.0431072685477764,0.0120897467144903,-0.0245134142344306,-0.111119514907655,mild,mild,min,min,mod,mod,mod
