s1sc-cc,s1sc-dm,s1cc-dm,s2sc-cc,s2sc-dm,s2cc-dm,s3sc-cc,s3sc-dm,s3cc-dm,s4sc-cc,s4sc-dm,s4cc-dm,Var13,Var14,Var15,Var16,Var17,Var18,Var19
0.00619332339916056,0.00451321501015713,-0.0322655912011033,0.00887552185496931,0.0155994215291994,0.0898867290640764,0.0440656187616391,-0.0288995274841671,-0.072382906964122,-0.0332477229974821,0.00597614716412845,0.0139385657556,mods,sev,abs,abs,mild,mild,mild
