s1sc-cc,s1sc-dm,s1cc-dm,s2sc-cc,s2sc-dm,s2cc-dm,s3sc-cc,s3sc-dm,s3cc-dm,s4sc-cc,s4sc-dm,s4cc-dm,Var13,Var14,Var15,Var16,Var17,Var18,Var19
-0.00441812182795914,0.0225370822910031,0.010381022535053,-0.00725597267374666,0.0272423769106859,0.00360518214182747,0.0256077271155915,-0.0146033301431735,0.0243678725793546,-0.0201037493126053,-0.00188233228703575,-0.0272430746517535,abs,abs,abs,abs,mod,mod,mild
