s1sc-cc,s1sc-dm,s1cc-dm,s2sc-cc,s2sc-dm,s2cc-dm,s3sc-cc,s3sc-dm,s3cc-dm,s4sc-cc,s4sc-dm,s4cc-dm,Var13,Var14,Var15,Var16,Var17,Var18,Var19
-0.0314045059528593,0.012564547280632,0.0267491001124374,0.0108562238467806,-0.0281797538313317,-0.054243645732204,0.0260176601978728,0.00834651408020827,0.0651983461031023,-0.0348286483474862,0.0159308361585038,-0.0896123466215126,abs,abs,abs,abs,sev,sev,mod
