s1sc-cc,s1sc-dm,s1cc-dm,s2sc-cc,s2sc-dm,s2cc-dm,s3sc-cc,s3sc-dm,s3cc-dm,s4sc-cc,s4sc-dm,s4cc-dm,Var13,Var14,Var15,Var16,Var17,Var18,Var19
-0.0176600699791405,-0.00818200746175803,-0.0613711298430637,0.0682469365067271,0.0152460873550194,0.0642039667648271,-0.0605953357240819,0.0443077940805232,-0.0420714383263058,-0.00938401529270557,-0.0205784645444645,0.0149150831661612,abs,abs,abs,abs,abs,abs,abs
