s1sc-cc,s1sc-dm,s1cc-dm,s2sc-cc,s2sc-dm,s2cc-dm,s3sc-cc,s3sc-dm,s3cc-dm,s4sc-cc,s4sc-dm,s4cc-dm,Var13,Var14,Var15,Var16,Var17,Var18,Var19
-0.0259565603380042,-0.0776036484089785,-0.00259008457001532,0.016416277886459,0.170943415571043,0.00310010361627376,0.0188579314773602,-0.0391769760477475,0.00530704874209669,-0.0068986075654898,-0.0218013234547034,-0.00897511872939328,mod,mod,abs,abs,abs,abs,abs
