s1sc-cc,s1sc-dm,s1cc-dm,s2sc-cc,s2sc-dm,s2cc-dm,s3sc-cc,s3sc-dm,s3cc-dm,s4sc-cc,s4sc-dm,s4cc-dm,Var13,Var14,Var15,Var16,Var17,Var18,Var19
0.0139186087154822,-0.0507658830892292,0.00909755569409662,-0.0224292245690489,0.0414863351898491,0.0205902726819551,-0.000643233099312555,-0.00161291446658668,-0.0123969358047887,0.0212719837231889,-0.0227155942032768,0.00452720625360018,mod,mod,mild,mild,mod,mod,min
