s1sc-cc,s1sc-dm,s1cc-dm,s2sc-cc,s2sc-dm,s2cc-dm,s3sc-cc,s3sc-dm,s3cc-dm,s4sc-cc,s4sc-dm,s4cc-dm,Var13,Var14,Var15,Var16,Var17,Var18,Var19
0.0101255407443027,0.0764384549178584,0.0157683294767678,0.0192607003233088,-0.0765877223644249,-0.0239959228709883,-0.00751330180352822,0.0279714175023898,0.0024937574887735,-0.0489708878187712,-0.0610129412193024,0.010906896411586,mild,mild,min,min,min,min,mild
