s1sc-cc,s1sc-dm,s1cc-dm,s2sc-cc,s2sc-dm,s2cc-dm,s3sc-cc,s3sc-dm,s3cc-dm,s4sc-cc,s4sc-dm,s4cc-dm,Var13,Var14,Var15,Var16,Var17,Var18,Var19
-0.0112352952944116,0.0122162075484064,0.019804906015977,0.00585302832508755,0.0896743856703691,-0.0171182927505586,0.000712395765570449,-0.121260432075165,0.00288098278471603,0.015643843627134,-0.0207339685013951,-0.0245285363680118,mild,mild,abs,abs,min,min,mild
