s1sc-cc,s1sc-dm,s1cc-dm,s2sc-cc,s2sc-dm,s2cc-dm,s3sc-cc,s3sc-dm,s3cc-dm,s4sc-cc,s4sc-dm,s4cc-dm,Var13,Var14,Var15,Var16,Var17,Var18,Var19
-0.0253784510061017,-0.0641333540701263,-0.0261556023256978,0.0353340472446642,-0.0401753864468889,0.0285884995722017,0.0501126096926551,0.165664165638348,0.0920595138048903,-0.0272326515852148,-0.00415958129759485,-0.0393784259078165,mods,sev,mild,mild,mod,mod,min
