s1sc-cc,s1sc-dm,s1cc-dm,s2sc-cc,s2sc-dm,s2cc-dm,s3sc-cc,s3sc-dm,s3cc-dm,s4sc-cc,s4sc-dm,s4cc-dm,Var13,Var14,Var15,Var16,Var17,Var18,Var19
0.000100243068877264,0.0523211635782769,-0.0066584850621112,-0.0408775067333647,-0.00553057901368719,0.023305703982911,-0.0293255261989279,0.00729774370053106,-0.0122138155276795,0.0461880871415188,-0.0939399296394317,-0.00853095408001261,mods,sev,mods,sev,sev,sev,sev
