s1sc-cc,s1sc-dm,s1cc-dm,s2sc-cc,s2sc-dm,s2cc-dm,s3sc-cc,s3sc-dm,s3cc-dm,s4sc-cc,s4sc-dm,s4cc-dm,Var13,Var14,Var15,Var16,Var17,Var18,Var19
0.00391679524751222,-0.0211913570219282,-0.00288068498864187,0.0290983961704317,0.041879782820034,-0.012923037554169,-0.0245494951000572,0.0164935353979191,0.01385631886438,0.0119316187461492,-0.0082181424835685,-0.00732136775725577,mod,mod,abs,abs,mods,sev,sev
