s1sc-cc,s1sc-dm,s1cc-dm,s2sc-cc,s2sc-dm,s2cc-dm,s3sc-cc,s3sc-dm,s3cc-dm,s4sc-cc,s4sc-dm,s4cc-dm,Var13,Var14,Var15,Var16,Var17,Var18,Var19
0.0168429142460165,-0.0206368802159591,-0.0184842987476697,-0.00149029067674225,0.0103116657077668,-0.0053830541658711,0.00107388276447348,0.0196130942223288,0.0104463557620987,-0.0198617201699435,-0.0222951104314585,0.0188501026520593,mods,sev,mild,mild,abs,abs,mild
