s1sc-cc,s1sc-dm,s1cc-dm,s2sc-cc,s2sc-dm,s2cc-dm,s3sc-cc,s3sc-dm,s3cc-dm,s4sc-cc,s4sc-dm,s4cc-dm,Var13,Var14,Var15,Var16,Var17,Var18,Var19
-0.0448600159322803,0.0272411701813717,-0.0131385911805318,0.0433597470097188,0.113449478738208,0.103316324079145,0.00634726976644985,-0.0213908201618549,-0.0164919531865347,0.0157606165106827,-0.0554539821209381,-0.00545215622843376,abs,abs,mild,mild,mild,mild,mild
