s1sc-cc,s1sc-dm,s1cc-dm,s2sc-cc,s2sc-dm,s2cc-dm,s3sc-cc,s3sc-dm,s3cc-dm,s4sc-cc,s4sc-dm,s4cc-dm,Var13,Var14,Var15,Var16,Var17,Var18,Var19
-0.0121626250222242,0.0451324314988963,-0.00447808597087318,-0.0298782730988328,-0.00821323755160601,0.0294796197175125,0.0261056895824454,-0.0794497379402639,-0.0446396038943345,0.0631789047218123,0.0263046035315135,0.0498722174232874,abs,abs,mild,mild,sev,sev,mild
