s1sc-cc,s1sc-dm,s1cc-dm,s2sc-cc,s2sc-dm,s2cc-dm,s3sc-cc,s3sc-dm,s3cc-dm,s4sc-cc,s4sc-dm,s4cc-dm,Var13,Var14,Var15,Var16,Var17,Var18,Var19
0.0199515661858693,-0.000707626901787641,-9.59754982727364e-05,0.00810145879904397,-0.0392145852336638,0.0141715059306399,0.00885253330729803,0.0482906075566925,-0.036960005321126,-0.0105147348971397,-0.00581391561867868,0.00897839237672136,abs,abs,abs,abs,abs,abs,abs
