s1sc-cc,s1sc-dm,s1cc-dm,s2sc-cc,s2sc-dm,s2cc-dm,s3sc-cc,s3sc-dm,s3cc-dm,s4sc-cc,s4sc-dm,s4cc-dm,Var13,Var14,Var15,Var16,Var17,Var18,Var19
-0.011248159963556,0.0118718009615971,-0.011152824317823,0.0290213054592074,0.0530138822089331,0.0603369322441459,-0.0470832468443092,-0.102835314097922,-0.0581026895657534,0.0430352552210511,0.0499694038070251,0.0310406740152569,mild,mild,abs,abs,mild,mild,mod
