s1sc-cc,s1sc-dm,s1cc-dm,s2sc-cc,s2sc-dm,s2cc-dm,s3sc-cc,s3sc-dm,s3cc-dm,s4sc-cc,s4sc-dm,s4cc-dm,Var13,Var14,Var15,Var16,Var17,Var18,Var19
0.0127703804004529,-0.0397541292950715,0.0102956391593868,-0.00274810875702385,-0.0143642058414527,-0.0502108285621596,0.00490439980275397,-0.000661884567699063,0.0170175438944863,-0.0150976634477345,0.0389844940182697,-0.00559236359109163,mod,mod,abs,abs,mild,mild,mild
