s1sc-cc,s1sc-dm,s1cc-dm,s2sc-cc,s2sc-dm,s2cc-dm,s3sc-cc,s3sc-dm,s3cc-dm,s4sc-cc,s4sc-dm,s4cc-dm,Var13,Var14,Var15,Var16,Var17,Var18,Var19
-0.0565716751407699,-0.031838176345112,-0.00503625908545653,0.00890955178658818,-0.0538297886743799,-0.0483061929860611,0.0324829724100716,0.0716696885981268,0.059649719311739,-0.0306062155850738,-0.038626891889621,-0.0367533215026049,abs,abs,abs,abs,min,min,abs
