s1sc-cc,s1sc-dm,s1cc-dm,s2sc-cc,s2sc-dm,s2cc-dm,s3sc-cc,s3sc-dm,s3cc-dm,s4sc-cc,s4sc-dm,s4cc-dm,Var13,Var14,Var15,Var16,Var17,Var18,Var19
0.0527316046457354,0.00773592934165979,-0.00638140091196266,-0.013498146020856,-0.00455211621659225,0.0179060586011096,-0.0289077126065873,0.0255761908279335,-0.0161195359460506,0.0176061096085245,-0.044576390676607,0.0022722608432385,abs,abs,abs,abs,mod,mod,mod
