s1sc-cc,s1sc-dm,s1cc-dm,s2sc-cc,s2sc-dm,s2cc-dm,s3sc-cc,s3sc-dm,s3cc-dm,s4sc-cc,s4sc-dm,s4cc-dm,Var13,Var14,Var15,Var16,Var17,Var18,Var19
-0.0398952450659888,-0.010102640244764,0.0252604827218325,0.00809253651363664,0.0363715250819533,-0.0195130112401206,0.0492414910699652,-0.0416322374841404,-0.00257711533672426,0.0176396395751193,0.0550784109593161,-0.04266889426864,mod,mod,abs,abs,min,min,abs
