s1sc-cc,s1sc-dm,s1cc-dm,s2sc-cc,s2sc-dm,s2cc-dm,s3sc-cc,s3sc-dm,s3cc-dm,s4sc-cc,s4sc-dm,s4cc-dm,Var13,Var14,Var15,Var16,Var17,Var18,Var19
-0.00165187691725475,-0.0258347739058147,0.0522323709765015,-0.00809490875989271,0.0451686366218703,-0.0297656074995951,0.0247226114837321,-0.000962504582004798,-0.0134196047495224,-0.0195403532793822,-0.0184753354801084,0.00695511186146433,mild,mild,mod,mod,mods,sev,mod
