s1sc-cc,s1sc-dm,s1cc-dm,s2sc-cc,s2sc-dm,s2cc-dm,s3sc-cc,s3sc-dm,s3cc-dm,s4sc-cc,s4sc-dm,s4cc-dm,Var13,Var14,Var15,Var16,Var17,Var18,Var19
-0.0230741370085768,-0.0622364331539392,0.0202435859142406,0.00704510796684402,0.0125150942461116,-0.0137479250823568,0.00302196656294159,0.0221083506220756,0.0136293771841538,0,0,0,mod,mod,mild,mild,mild,mild,mild
